MapCircleHover,MapCircleClickAdd,MapCircleClickAdd,MapCircleClickAdd,MapCircleClickAdd,MapCircleClickAdd,MapCircleClickRemove,CalendarCircleHover,OverviewRemoveSingle,OverviewRemoveAll
MapCircleClickAdd,MapCircleHover,MapCircleHover,MapCircleHover,MapCircleHover,MapCircleClickRemove,CalendarCircleHover,OverviewRemoveSingle,OverviewSortOpen
MapCircleClickRemove,MapCircleHover,MapCircleClickAdd,CalendarCircleHover
CalendarCircleHover,MapCircleHover,CalendarCircleClickAdd,CalendarCircleClickAdd,CalendarCircleClickAdd,CalendarCircleClickAdd,CalendarCircleClickAdd,CalendarCircleClickAdd,CalendarCircleClickRemove,OverviewRemoveSingle,OverviewRemoveAll
CalendarCircleClickAdd,MapCircleHover,CalendarCircleHover,CalendarCircleHover,CalendarCircleHover,CalendarCircleHover,CalendarCircleHover,CalendarCircleClickRemove,OverviewRemoveSingle,OverviewRemoveAll
CalendarCircleClickRemove,CalendarCircleHover,CalendarCircleClickAdd,OverviewRemoveSingle,OverviewRemoveAll,OverviewSortOpen
OverviewRemoveSingle,MapCircleHover,CalendarCircleHover,OverviewRemoveAll
OverviewRemoveAll,MapCircleHover,CalendarCircleHover
OverviewSortOpen,OverviewSortOption
OverviewSortOption,MapCircleHover,CalendarCircleHover
