MapCircleHover,MapCircleClickAdd,MapCircleClickAdd,MapCircleClickAdd,MapCircleClickAdd,MapCircleClickAdd,MapCircleClickAdd,MapCircleClickRemove,CalendarCircleHover,OverviewRemoveSingle,OverviewRemoveAll
MapCircleClickAdd,MapCircleHover,MapCircleHover,MapCircleHover,MapCircleHover,MapCircleClickRemove,CalendarCircleHover,OverviewRemoveSingle,OverviewRemoveSingle,OverviewRemoveAll,OverviewSortOpen
MapCircleClickRemove,MapCircleHover,MapCircleClickAdd,CalendarCircleHover
CalendarCircleHover,MapCircleHover,CalendarCircleClickAdd,CalendarCircleClickAdd,CalendarCircleClickAdd,CalendarCircleClickAdd,CalendarCircleClickAdd,CalendarCircleClickAdd,CalendarCircleClickRemove,CalendarCircleClickRemove,OverviewRemoveSingle,OverviewRemoveAll,OverviewSortOpen
CalendarCircleClickAdd,MapCircleHover,CalendarCircleHover,CalendarCircleHover,CalendarCircleHover,CalendarCircleHover,CalendarCircleHover,CalendarCircleClickRemove,OverviewRemoveSingle,OverviewRemoveAll,OverviewSortOpen
CalendarCircleClickRemove,CalendarCircleHover,CalendarCircleHover,CalendarCircleClickAdd,OverviewRemoveAll,OverviewSortOpen
OverviewRemoveSingle,MapCircleHover,MapCircleHover,CalendarCircleHover,OverviewRemoveAll,OverviewSortOpen
OverviewRemoveAll,MapCircleHover,CalendarCircleHover
OverviewSortOpen,OverviewSortOption
OverviewSortOption,MapCircleHover,CalendarCircleHover
