calendar_circle_hover,calendar_circle_click_add,calendar_circle_click_add,calendar_circle_click_add,calendar_circle_click_add,calendar_circle_click_add,calendar_circle_click_add,calendar_circle_click_add,calendar_circle_click_add,overview_remove_single
calendar_circle_click_add,calendar_circle_hover,calendar_circle_hover,calendar_circle_hover,calendar_circle_hover,calendar_circle_hover,calendar_circle_hover,calendar_circle_hover,overview_remove_single
map_circle_hover,map_circle_click_add
map_circle_click_add,map_circle_hover
overview_remove_all,calendar_circle_hover
calendar_circle_hover,map_circle_hover,calendar_circle_click_add,calendar_circle_click_add,calendar_circle_click_add,calendar_circle_click_add,overview_remove_single
calendar_circle_click_add,calendar_circle_hover,calendar_circle_hover,calendar_circle_hover,calendar_circle_hover
overview_remove_single,calendar_circle_hover
map_circle_hover,map_circle_click_add,map_circle_click_add,map_circle_click_add,map_circle_click_add,calendar_circle_hover,overview_remove_single
map_circle_click_add,map_circle_hover,map_circle_hover,map_circle_hover,map_circle_hover
calendar_circle_hover,calendar_circle_click_add,calendar_circle_click_add,calendar_circle_click_add,calendar_circle_click_add,calendar_circle_click_add
calendar_circle_click_add,calendar_circle_hover,calendar_circle_hover,calendar_circle_hover,calendar_circle_hover,overview_remove_single
overview_remove_all,map_circle_hover
calendar_circle_hover,calendar_circle_click_add,calendar_circle_click_add,calendar_circle_click_add,calendar_circle_click_add,calendar_circle_click_add,calendar_circle_click_add,calendar_circle_click_add,calendar_circle_click_add,overview_remove_single
calendar_circle_click_add,calendar_circle_hover,calendar_circle_hover,calendar_circle_hover,calendar_circle_hover,calendar_circle_hover,overview_remove_single,overview_remove_single,overview_sort_open
overview_remove_single,calendar_circle_hover,calendar_circle_hover
overview_remove_all,calendar_circle_hover
overview_sort_open,calendar_circle_hover
calendar_circle_hover,calendar_circle_click_add,calendar_circle_click_add,calendar_circle_click_add,calendar_circle_click_add,calendar_circle_click_add,calendar_circle_click_add,calendar_circle_click_add,calendar_circle_click_add,calendar_circle_click_add
calendar_circle_click_add,calendar_circle_hover,calendar_circle_hover,calendar_circle_hover,calendar_circle_hover,calendar_circle_hover,overview_remove_single,overview_remove_single,overview_remove_single,overview_remove_single
overview_remove_single,calendar_circle_hover,calendar_circle_hover,calendar_circle_hover,overview_remove_all
calendar_circle_hover,calendar_circle_click_add,calendar_circle_click_add,calendar_circle_click_add,calendar_circle_click_add,calendar_circle_click_add,calendar_circle_click_add,calendar_circle_click_add,calendar_circle_click_add,calendar_circle_click_add,calendar_circle_click_add,calendar_circle_click_remove,overview_remove_single,overview_remove_single
calendar_circle_click_add,calendar_circle_hover,calendar_circle_hover,calendar_circle_hover,calendar_circle_hover,calendar_circle_hover,calendar_circle_hover,calendar_circle_hover,calendar_circle_hover,calendar_circle_hover,calendar_circle_hover,overview_remove_single
calendar_circle_click_remove,calendar_circle_click_add
overview_remove_single,calendar_circle_hover,calendar_circle_hover
map_circle_hover,calendar_circle_hover
calendar_circle_hover,calendar_circle_click_add,calendar_circle_click_add,calendar_circle_click_add,calendar_circle_click_add,calendar_circle_click_add,calendar_circle_click_add,calendar_circle_click_add,calendar_circle_click_add,calendar_circle_click_add,overview_remove_single,overview_remove_single,overview_remove_single
calendar_circle_click_add,calendar_circle_hover,calendar_circle_hover,calendar_circle_hover,calendar_circle_hover,calendar_circle_hover,calendar_circle_hover,calendar_circle_hover,calendar_circle_hover,overview_remove_single
overview_remove_single,map_circle_hover,calendar_circle_hover
overview_remove_all,calendar_circle_hover
calendar_circle_hover,calendar_circle_click_add,calendar_circle_click_add,calendar_circle_click_add,calendar_circle_click_add
calendar_circle_click_add,calendar_circle_hover,calendar_circle_hover,calendar_circle_hover,calendar_circle_hover
overview_remove_all,calendar_circle_hover
calendar_circle_hover,calendar_circle_click_add,calendar_circle_click_add,calendar_circle_click_add,calendar_circle_click_add,calendar_circle_click_add,calendar_circle_click_add,calendar_circle_click_add,calendar_circle_click_add,overview_remove_single
calendar_circle_click_add,calendar_circle_hover,calendar_circle_hover,calendar_circle_hover,calendar_circle_hover,calendar_circle_hover,calendar_circle_hover,calendar_circle_hover,overview_remove_single
overview_remove_all,calendar_circle_hover
calendar_circle_hover,calendar_circle_click_add,calendar_circle_click_add,calendar_circle_click_add,calendar_circle_click_add,calendar_circle_click_add,calendar_circle_click_add,calendar_circle_click_add,calendar_circle_click_add,overview_remove_single
calendar_circle_click_add,calendar_circle_hover,calendar_circle_hover,calendar_circle_hover,calendar_circle_hover,calendar_circle_hover,calendar_circle_hover,calendar_circle_hover,calendar_circle_click_remove
calendar_circle_click_remove,calendar_circle_hover
overview_remove_all,calendar_circle_hover
map_circle_hover,map_circle_click_add,map_circle_click_add,map_circle_click_add,overview_remove_single
map_circle_click_add,map_circle_hover,map_circle_hover,map_circle_hover
calendar_circle_hover,map_circle_hover,calendar_circle_click_add,calendar_circle_click_add,calendar_circle_click_add,calendar_circle_click_add,calendar_circle_click_add,overview_remove_single
calendar_circle_click_add,calendar_circle_hover,calendar_circle_hover,calendar_circle_hover,calendar_circle_hover,calendar_circle_hover
overview_remove_all,calendar_circle_hover
map_circle_hover,map_circle_click_add,map_circle_click_add,map_circle_click_add,map_circle_click_add,map_circle_click_add,overview_remove_single
map_circle_click_add,map_circle_hover,map_circle_hover,map_circle_hover,map_circle_hover,map_circle_hover
overview_remove_single,map_circle_hover
calendar_circle_hover,calendar_circle_click_add,calendar_circle_click_add,calendar_circle_click_add
calendar_circle_click_add,calendar_circle_hover,calendar_circle_hover,calendar_circle_hover
calendar_circle_hover,calendar_circle_click_add,calendar_circle_click_add,calendar_circle_click_add,calendar_circle_click_add,calendar_circle_click_add,calendar_circle_click_add,calendar_circle_click_add,calendar_circle_click_add,calendar_circle_click_add,calendar_circle_click_add,calendar_circle_click_add,calendar_circle_click_remove,overview_remove_all
calendar_circle_click_add,calendar_circle_hover,calendar_circle_hover,calendar_circle_hover,calendar_circle_hover,calendar_circle_hover,calendar_circle_hover,calendar_circle_hover,calendar_circle_click_remove,overview_remove_single,overview_remove_single,overview_remove_single
calendar_circle_click_remove,calendar_circle_hover,calendar_circle_hover
overview_remove_single,calendar_circle_hover,calendar_circle_hover,calendar_circle_hover
overview_remove_all,calendar_circle_hover
calendar_circle_hover,calendar_circle_click_add,calendar_circle_click_add,calendar_circle_click_add,calendar_circle_click_add,calendar_circle_click_add,calendar_circle_click_add,calendar_circle_click_add,calendar_circle_click_add
calendar_circle_click_add,calendar_circle_hover,calendar_circle_hover,calendar_circle_hover,calendar_circle_hover,calendar_circle_hover,overview_remove_single,overview_remove_single,overview_remove_single
overview_remove_single,calendar_circle_hover,calendar_circle_hover
overview_remove_all,calendar_circle_hover
map_circle_hover,map_circle_click_add,map_circle_click_add,map_circle_click_add,map_circle_click_add,calendar_circle_hover,overview_remove_single
map_circle_click_add,map_circle_hover,map_circle_hover,map_circle_hover,map_circle_hover
calendar_circle_hover,calendar_circle_click_add,calendar_circle_click_add,calendar_circle_click_add,calendar_circle_click_add
calendar_circle_click_add,calendar_circle_hover,calendar_circle_hover,calendar_circle_hover,overview_remove_single
overview_remove_all,map_circle_hover
calendar_circle_hover,calendar_circle_click_add,calendar_circle_click_add,calendar_circle_click_add,calendar_circle_click_add,calendar_circle_click_add,calendar_circle_click_add,calendar_circle_click_add,calendar_circle_click_add,calendar_circle_click_add,calendar_circle_click_add,calendar_circle_click_add,calendar_circle_click_add,overview_remove_single,overview_remove_single
calendar_circle_click_add,calendar_circle_hover,calendar_circle_hover,calendar_circle_hover,calendar_circle_hover,calendar_circle_hover,calendar_circle_hover,calendar_circle_hover,calendar_circle_hover,calendar_circle_hover,calendar_circle_click_remove,calendar_circle_click_remove,overview_remove_single
calendar_circle_click_remove,calendar_circle_hover,calendar_circle_hover
overview_remove_single,calendar_circle_hover,calendar_circle_hover
overview_remove_all,calendar_circle_hover
calendar_circle_hover,calendar_circle_click_add,calendar_circle_click_add,calendar_circle_click_add,calendar_circle_click_add,calendar_circle_click_add,calendar_circle_click_add,calendar_circle_click_add,calendar_circle_click_add,calendar_circle_click_add,calendar_circle_click_add,overview_remove_all
calendar_circle_click_add,calendar_circle_hover,calendar_circle_hover,calendar_circle_hover,calendar_circle_hover,calendar_circle_hover,calendar_circle_hover,calendar_circle_hover,overview_remove_single,overview_remove_single,overview_remove_single
overview_remove_single,calendar_circle_hover
overview_remove_all,calendar_circle_hover
calendar_circle_hover,calendar_circle_click_add,calendar_circle_click_add,calendar_circle_click_add,calendar_circle_click_add,calendar_circle_click_add,calendar_circle_click_add,calendar_circle_click_add,calendar_circle_click_add,calendar_circle_click_add,overview_remove_single,overview_remove_single
calendar_circle_click_add,calendar_circle_hover,calendar_circle_hover,calendar_circle_hover,calendar_circle_hover,calendar_circle_hover,calendar_circle_hover,calendar_circle_hover,calendar_circle_hover,calendar_circle_hover,overview_remove_single
overview_remove_single,map_circle_hover,calendar_circle_hover
map_circle_hover,overview_remove_single
calendar_circle_hover,map_circle_hover,calendar_circle_click_add,calendar_circle_click_add,calendar_circle_click_add,calendar_circle_click_add,calendar_circle_click_add,calendar_circle_click_add,calendar_circle_click_add,calendar_circle_click_add,calendar_circle_click_add
calendar_circle_click_add,calendar_circle_hover,calendar_circle_hover,calendar_circle_hover,calendar_circle_hover,calendar_circle_hover,calendar_circle_hover,calendar_circle_hover,calendar_circle_hover,overview_remove_single
overview_remove_all,calendar_circle_hover
